rewardType,icon,type,technologyLabel,customPage,startTime,id,state,introduction,HostName,reward,totalUserNumber,level,mold,industryLabel,name,miniAppState,endTime
职位,https://pu-datacastle.obs.cn-north-1.myhuaweicloud.com/content/disk/share/img/b5802b30-b646-4aa6-9b4e-813d454a5f2b.png,结果提交型,回归,,1548043200000,274,active,"<p>经过数十亿年的进化，地球的生物圈适应了这颗行星的春夏秋冬。各地植物的生长节律与季节同步，春华秋实，这被称为植被的物候。然而，每一年的季节变换都不完全一样。有些年份的气温和雨水和其他年份都很不一样。这会给这颗行星的农林牧业带来一些波动，让植被的生长节奏变动：比如说干热带来的山火肆虐，比如说春天提前导致的生长季变长，比如说降水增大带来的洪涝，等等。如果我们能够提前预测各地未来的物候，那么就可以趋利避害。
然而，传统上的气候/物候学预测能力相当有限。但是在今天，深度学习革命有可能能够改变这一切，突破传统思维，帮助人类解锁地球物候的节律。希望你，就是那个屠龙的天才少年。
</p><div><br></div>",佳格天地,实习机会,651,,竞技赛,气象能源,地球物候的深度学习预测,2,1556074800000
奖金,https://pu-datacastle.obs.cn-north-1.myhuaweicloud.com/content/disk/share/img/308e51d9-4224-477d-bd74-0baaef29d2a4.jpg,结果提交型,分类,,1546272000000,277,active,<p>自2012年起，国家陆续出台政策推动健康医疗和大数据的融合发展，从“健康中国”战略到“两个一百年”奋斗目标，健康医疗大数据已成为国家战略的创新需要，是国家及民族复兴所需的核心技</p>,清华大学临床医学院、数据科学研究院，北京清华长庚医院，青岛大学附属医院，天津市武清区人民医院，中关村医院，福建省立医院，京津高村科技创新园,989000,196,,竞技赛,医疗,首届中国心电智能大赛,2,1567180800000
奖金,https://pu-datacastle.obs.cn-north-1.myhuaweicloud.com/content/disk/share/img/b5b8b74e-83c8-48f8-bbd6-3159ed5ccdcf.jpg,结果提交型,"分类,回归",,1550764800000,276,active,<p>IEEE ISI 是安全信息学领域的旗舰会议，于2003年首次在美国亚利桑那州图森市召开。在过去的16年中，IEEE ISI会议已经从 传统的智能和安全领域发展到多领域联合研究与创新。今年7月，IEEE ISI大会将在中国深圳举行。<br></p>,IEEE ISI 2019,The Prize,513,,竞技赛,其它,国际大数据分析竞赛,2,1555948800000
奖金,http://third.datacastle.cn/content/disk/share/img/bd4904f8-6bcb-4ded-9b7e-077a5012451f.jpg,创意型,"分类,回归",,1542729600000,272,active,<p>TOP高校创新科技大赛AI赛季，旨在打造国内最具权威、最具活力的高校科技赛事，是面向高校人工智能（AI）人才的编程竞赛平台，总奖金超过100万元人民币。<br></p><p><br></p>,电子科技大学计算机科学与工程学院、成都一片森林科技有限公司,"1,000,000",509,,竞技赛,城市,TOP高校创新科技大赛,2,1555084799000
知识,http://third.datacastle.cn/content/disk/share/img/0263288a-821b-4daf-9fda-9a718e0bea75.jpeg,结果提交型,分类,,1537511100000,248,active,<p>本次比赛是DC学院练习赛，特别面向学习《机器学习（入门）》课程的学员，让学员把课上所学的知识运用到现实中去，用竞赛来检验自己所学的知识，达到知识整合，融会贯通的目的。&nbsp;<br></p>,DataCastle数据城堡,机器学习知识,493,,竞技赛,工业,轴承故障检测训练赛,2,1600617600000
知识,http://third.datacastle.cn/pkbigdata/master.other.img/17606bd7-a0c2-402a-a7dd-8160bbd25158.jpg,结果提交型,,,1505808000000,191,active,本次比赛是DC学院练习赛，特别面向学习《数据分析师（入门）》课程的学员，让学员把课上所学的知识运用到现实中去，用竞赛来检验自己所学的知识，达到知识整合、融会贯通的目的。,DataCastle数据城堡,数据分析知识,851,,竞技赛,城市/环境/民生,北京PM2.5浓度回归分析训练赛,2,1609344000000
知识,http://third.datacastle.cn/pkbigdata/master.team.img/f13dcf2e-0c25-46e8-a41d-33069053a2ef.jpeg,结果提交型,分类,,1501662300000,189,active,本次比赛是DC学院练习赛，特别面向学习《数据分析师（入门）》课程的学员，让学员把课上所学的知识运用到现实中去，用竞赛来检验自己所学的知识，达到知识整合，融会贯通的目的。,DataCastle数据城堡,数据分析知识,1899,,竞技赛,人力资源,员工离职预测训练赛,2,1609344000000
知识,http://third.datacastle.cn/pkbigdata/master.team.img/010e8eda-446f-4a10-8bb5-153a38d85635.jpeg,结果提交型,回归,,1501464000000,188,active,本次比赛是DC学院练习赛，特别面向学习《数据分析师（入门）》课程的学员，让学员把课上所学的知识运用到真实的数据中去，用竞赛来检验自己所学的知识，达到知识整合，融会贯通的目的。,DataCastle数据城堡,数据分析知识,1355,,竞技赛,城市/环境/民生,美国King County房价预测训练赛,2,1609344000000
奖金,http://third.datacastle.cn/content/disk/share/img/470ede97-9ca2-4734-acc1-bd5b50e99089.png,结果提交型,,,1540015200000,265,joinable,<p>随着互联网+这一概念的不断发展，电商、出行、外卖等行业近些年也持续发展壮大，越来越多的商家进入这一市场。为了在激烈的竞争中拉取新用户，培养用户的消费习惯，各种类型的营销活动和补贴活动也是层出不穷。<br></p><p><br></p>,甜橙金融,80000,2420,,竞技赛,金融,2018年甜橙金融杯大数据建模大赛,3,1544752800000
奖金,http://third.datacastle.cn/content/disk/share/img/ae75c9ef-7100-4334-a3bf-c7c99a26afb0.png,结果提交型,回归,,1539586800000,263,joinable,<p>光伏发电具有波动性和间歇性，大规模光伏电站并网运行可能对电力系统的安全稳定经济运行造成影响。对光伏电站的输出功率进行准确率预测，有助于调度部门统筹安排常规能源和光伏发电的协调配合，及时调整调度计划，合理安排电网运行方式。因此，本题旨在通过利用气象信息、历史数据、组件信息等，通过机器学习、人工智能方法，预测未来发电功率，为进一步为光伏发电功率提供准确的预测结果。<br></p><p><br></p>,国能日新科技股份有限公司,90000,778,,竞技赛,工业,国能日新光伏功率预测大赛,3,1543284000000
奖金,http://third.datacastle.cn/content/disk/share/img/28a591fa-30d6-402a-958f-2ab6e3fc229c.png,结果提交型,回归,,1539586800000,262,joinable,<p>太阳能被看作是最具有代表性的新能源，而其中太阳辐射是影响太阳能发电量的最主要因素。由于收到包括地理位置、太阳高度角、方位角、时角等时空要素，云量、云态、大气状态等气象要素的影响，太阳辐射预测一直是光伏发电量预测的关键。通过数值天气预报系统，可以通过对中尺度系统的模拟得到较为精细的辐射预报数据，然而预测信息中仍然存在冗余信息，单独使用辐射数据并不能精确地预报实际太阳辐射。</p><p><br></p>,国能日新科技股份有限公司,90000,619,,竞技赛,工业,国能日新太阳辐射指数预测大赛,3,1542074400000
奖金,http://third.datacastle.cn/content/disk/share/img/1d1b1604-fc99-43ab-92eb-b5bcdfb25062.png,结果提交型,回归,,1539187200000,261,joinable,<p>美国东北大学一个科研团队的一项研究表明，人类93%的行为都是可以预测的，想一想我们的规律生活，就会觉得这个数字并不是那么夸张。也正因如此， 交通才得以合理规划，城市才得以有序发展。 在实际应用中，其实并没有那么容易预测，数据的缺乏是一个重要的原因。那么在有限的数据下，我们能够在多大程度上预测出人们的行为呢？<br></p>,合肥数据资源局,20000,1864,,竞技赛,交通,汽车目的地智能预测大赛,3,1544166000000
奖金,http://third.datacastle.cn/content/disk/share/img/7fe7ca0d-41f8-42ec-bcc8-af3109ee66ff.png,结果提交型,回归,,1539187200000,260,joinable,<p>随着全球制造数字化、网络化、智能化的步伐不断加快，我国工业面临转型升级的问题。信息技术与传统工业的深度融合是第四次工业革命的主要发展方向。  本题以某化工厂的某一个工段实际生产数据作为分析案例，数据跨时2个月，共有36个测量变量点(简称测点)的传感器数据，涵盖生产过程中的温度、压力、流量、设备电流等监测数据信息，目的是为了调节生产参数从而提前预测并控制产品的质量。<br></p>,合肥数据资源局,20000,660,,竞技赛,工业,化工产品品质智能预测,3,1544166000000
奖金,http://third.datacastle.cn/content/disk/share/img/5d13b350-4c93-4e32-b499-86d38ff87869.png,结果提交型,分类,,1538150400000,254,joinable,<p>Webshell 就是以asp、php、jsp或者cgi等网页文件形式存在的一种命令执行环境，也可以将其称为一种网页后门。黑客在入侵了一个网站后，通常会将asp或php后门文件与服务器网站web目录下的正常的网页文件混在一起，然后就可以通过使用浏览器来访问这些后门脚本，得到一个命令执行环境，以达到控制网站服务器的目的。Webshell大多以动态脚本的形式存在，黑客可以通过webshell进一步渗透，一旦系统被安装的webshell并能执行，说明系统已经沦陷，属于高危的安全事件。因此如何识别webshell，对于保证系统安全意义重大。<br></p>,合肥数据资源局,20000,691,,竞技赛,网络安全,网络安全病毒检测,3,1544166000000
奖金,http://third.datacastle.cn/content/disk/share/img/4435a301-fd42-4b86-a43d-2ad0b56a39aa.png,结果提交型,分类,,1535126400000,247,joinable,<p>作为全球金融AI第一股，融360|简普科技（NYSE:JT）近年来一直致力于开发基于云端的大数据风控服务平台。现已举办两届天机风控系列赛事，第三届融360天机智能金融算法挑战赛于 2018年8月25日正式启动报名，邀您一同解决价值百亿的经典风控问题，共同探索人工智能领域知识图谱，文本挖掘等热门技术。<br></p>,融360,300000,1818,,竞技赛,金融,第3届 融360天机智能金融算法挑战赛,3,1541433599000
奖金,http://third.datacastle.cn/content/disk/share/img/d4e7afcb-df26-40a5-9f6e-30b72801b97a.jpg,结果提交型,分类,,1535767200000,245,joinable,<p>本次大赛提供了讯飞AI营销云的海量广告投放数据，参赛选手通过人工智能技术构建预测模型预估用户的广告点击概率<br></p><p><br></p>,科大讯飞,60000,1594,,竞技赛,商业,2018科大讯飞AI营销算法大赛,3,1539791999000
奖金,http://third.datacastle.cn/content/disk/share/img/98e8ebae-840d-477f-9275-cd748345347d.jpg,结果提交型,回归,,1530547200000,243,joinable,<p>随着城市里购车人群的增多，道路拥堵情况日益严重：在中国，有大约超过50个城市面临不同程度的拥堵，城市越大拥堵越严重，不只中国，交通问题是世界大型城市的共同顽疾，据相关数据显示，欧盟境内每年因交通拥堵造成的经济损失达到了1000亿欧元。</p>,上海大数据联盟、上海市北高新管委会（上海大数据产业基地）、上汽集团,150000,1631,,竞技赛,交通,BOT智能汽车技术挑战赛——机器学习预测汽车流量,3,1537941600000
奖金,http://third.datacastle.cn/content/disk/share/img/8383a72c-42ff-4f44-b597-e9c97963e21f.png,结果提交型,分类,,1535593800000,242,joinable,"<p><font size=""2"">神策数据推荐系统是基于神策分析平台的智能推荐系统。它针对客户需求和业务特点，并基于神策分析采集的用户行为数据使用机器学习算法来进行咨询、视频、商品等进行个性化推荐，为客户提供不同场景下的智能应用，如优化产品体验，提升点击率等核心的业务指标。&nbsp;</font></p><p><br></p>",神策数据,MacBook Pro,688,,竞技赛,商业,“神策杯”2018高校算法大师赛,3,1539237600000
奖金,http://third.datacastle.cn/content/disk/share/img/78463274-16d8-4ccb-bdbb-02286c42264c.jpeg,结果提交型,,,1539187200000,241,joinable,<p>信用是整个社会的基础，市场交易中所有的经济活动，与信用息息相关。我国小微企业的正处于飞速发展阶段，影响力逐渐扩大，成为社会经济发展的重要推动力。加强融资市场的风险管理与处理能力，降低小微企业的融资风险，促进融资市场的发展，建立完善的融资风险评测体系迫在眉睫，企业的失信与否，关乎整个企业的命运。本届大赛旨在利用大数据和人工智能、机器学习等相关技术，调动社会全员的大数据建模创新积极性，帮助社会各界为解决小微企业融资问题提供思路，进一步提高融资风险防范能力。&nbsp;</p>,国信优易,80000,311,,竞技赛,其他,小微企业失信预测,3,1547136000000
奖金,http://third.datacastle.cn/content/disk/share/img/7e5c5196-a5ec-41e2-8394-d305659816d8.jpeg,结果提交型,,,1539273600000,239,joinable,"<p>企业或者组织为了履行遵守法律法规要求的承诺，建立、实施并保持一个或多个程序，以定期评价对适用法律法规的遵循情况的一项管理措施。随着人类生产力水平的不断提高和社会认识的不断深化，企业合规性问题越来越受到人们的重视和关注，由此促进了各国依法治理工作的深入开展。</p><p>本届大赛从全国3000多万企业抽取部分企业（脱敏后），提供企业主体在多方面留下的合规信息，供参赛队伍分析，实现对企业合规风险的预测。
</p><div><br></div>",国信优易,80000,161,,竞技赛,其他,企业合规风险预测,3,1544371200000
知识,http://third.datacastle.cn/content/disk/share/img/437b6212-3851-41b2-98b0-e0b6c2a48b24.png,结果提交型,,,1537113600000,236,joinable,<p>住房月租金预测大数据赛为全国大学生计算机技能应用大赛赛题之一。<br></p><p><br></p>,中国软件行业协会培训中心,荣誉证书,1041,,竞技赛,城市/环境/民生,住房月租金预测大数据赛（付费竞赛）,3,1543284000000
奖金,http://third.datacastle.cn/content/disk/share/img/8a24c346-be85-46e2-be77-fc5e2d507241.png,结果提交型,分类,,1535007600000,235,joinable,<p>本比赛为“中国华录杯·开放数据创新应用大赛”复赛赛题之一，初赛入围者可参加。</p><p><br></p>,中国华录集团,180000,183,,竞技赛,人力资源,汉字档案手写识别大赛（华录杯复赛）,3,1539586800000
奖金,http://third.datacastle.cn/content/disk/share/img/46407c8a-2645-4496-93f3-b92fde69b221.jpg,结果提交型,分类,,1533088800000,230,joinable,<p>四川新网银行以建设“数字普惠银行”为愿景，运用互联网大数据风控、云计算、人工智能等技术，为客户提供具有高可得性和良好用户体验的金融产品。目前，四川新网银行已经开发出了国内第一款全在线办理的银行大额云授信产品——“好人贷”。新网银行采用了“万能连接”的打法，以开放的姿态提供连接服务，让更大范围内的用户和需求、产品和服务进行连接并适配，做金融服务领域的“万能连接器”。截至2018年6月底，新网银行与超过500多家银行同业、互联网平台机构等产生了连接，服务了超过1500多万用户。<br></p>,西南财经大学、新网银行,31000,1350,,竞技赛,金融,西南财经大学“新网银行杯”数据科学竞赛,3,1540137300000
奖金,http://third.datacastle.cn/content/disk/share/img/2c64c68e-255e-45aa-be31-2c6c18892da9.png,结果提交型,分类,,1530496800000,229,joinable,<p>本次比赛，达观数据提供了一批长文本数据和分类信息，希望选手动用自己的智慧，结合当下最先进的NLP和人工智能技术，深入分析文本内在结构和语义信息，构建文本分类模型，实现精准分类。</p>,达观数据,50000,6318,,竞技赛,媒体,“达观杯”文本智能处理挑战赛,3,1536544800000
奖金,http://third.datacastle.cn/content/disk/share/img/902cb147-cdd3-416e-857f-a7da8f553ce8.png,结果提交型,,,1530147600000,228,joinable,"<p><b><font color=""#880000"">“喜欢足球，因为它从不原地踏步”</font></b><b><font color=""#880000"">“下次不会再看了，是你说过最多的谎话”</font></b></p><p><br></p><p><br></p>",DataCastle数据城堡,10800,285,,竞技赛,其他,抢占C位，燃情世界杯,3,1531666800000
奖金,http://third.datacastle.cn/content/disk/share/img/468d4e04-e5bf-4a45-9f04-37a8e441a6ca.png,结果提交型,回归,,1529370000000,226,joinable,<p>&nbsp;《野蛮时代》（Brutal Age）是一款风靡全球的SLG类型手机游戏。根据App Annie统计，《野蛮时代》在12个国家取得游戏畅销榜第1，在82个国家取得游戏畅销榜前10。准确了解每个玩家的价值，对于游戏的广告投放策略和高效的运营活动（如精准的促销活动和礼包推荐）具有重要意义，有助于给玩家带来更个性化的体验。因此，我们希望能在玩家进入游戏的前期就对于他们的价值进行准确的估算。在这个竞赛里，想请各位选手利用玩家在游戏内前7日的行为数据，预测他们每个人在45日内的付费总金额。&nbsp;&nbsp;<br></p>,tap4fun,100000,2008,,竞技赛,游戏,游戏玩家付费金额预测大赛,3,1535698800000
奖金,http://third.datacastle.cn/content/disk/share/img/42b90113-84d4-4bc6-a127-d827998fe880.jpeg,结果提交型,,,1526918400000,225,joinable,<p>政府治理大数据应用算法大赛是中电科大数据研究院有限公司面向全国高校学生举办的大型技术竞赛，致力于让参赛学生感受大数据应算法的魅力，享受算法设计和数据分析的乐趣，锻炼学生与人沟通和团队协作能力。大赛以“大数据助推政府治理”为主题<br></p><p><br></p>,中电科大数据研究院有限公司,140000,240,,竞技赛,其他,政府治理大数据应用算法大赛,3,1534262400000
奖金,http://third.datacastle.cn/content/disk/share/img/6e759ab3-a740-49c3-8aab-8e21e8dc7ab1.png,结果提交型,"分类,回归",,1526353200000,210,joinable,<p>随着城市车辆的增多，改善交通拥挤的现状成为各大城市交通运输系统的发展目标。智能交通系统是未来城市交通管理和车流量控制的热门研究方向，通过它可以更高效地对交通流进行限制、调整、疏导以改善通行效率、保障交通安全。车辆监测是智能交通系统的重要组成部分。</p>,中国华录集团,50000,1196,,竞技赛,交通,交通卡口车辆信息精准识别,3,1534323600000
奖金,http://third.datacastle.cn/content/disk/share/img/9cd6e013-ab6b-428d-9894-e02cd5a4f352.png,结果提交型,回归,,1526353200000,209,joinable,<p>中国华录杯之公交线路准点预测赛为参赛者提供百余条公交车线路的运行信息，本赛题需要大家准确预测某一辆公交车是否能准时到达各个站点。</p>,中国华录集团,50000,1224,,竞技赛,交通,公交线路准点预测,3,1534312800000
奖金,https://pu-datacastle.obs.cn-north-1.myhuaweicloud.com/content/disk/share/img/282e8650-57db-47bb-983a-7ff68c9178be.png,结果提交型,回归,,1523239200000,207,joinable,<p>晶泰科技(XtalPi)是一家世界领先的以计算驱动创新的药物研发科技公司，应用量子物理、分子动力学、人工智能与云计算等技术，为全球创新药企提供智能化药物研发科技，提高药物发现的效率与成功率，降低研发成本，为患者带来更多优质高效的药物。目前已与多家世界顶级药企与科研机构建立深度合作，晶泰科技还成功的&nbsp;</p>,晶泰科技,50000,1226,,竞技赛,其他,基于人工智能的药物分子筛选,3,1526885999000
奖金,http://third.datacastle.cn/content/disk/share/img/63ee2c55-2e34-41cb-bedb-50b637ba7c5e.jpg,结果提交型,分类,,1523929201000,206,joinable,<p>腾讯社交广告依托于腾讯丰富的产品及海量的数据打造了一个服务千万商家亿万用户的商业广告平台。同时为了满足具有挑战性的商业场景，我们也在不断地寻找更优秀的数据挖掘方式与机器学习算法以及这一领域的人才。这一次，我们出了一道有趣有挑战性的实战题目希望挑选出更优秀的满足业务需求的算法，并邀请杰出的算法达人加入腾讯。</p><p><br></p>,腾讯,520000,533,,竞技赛,商业,2018腾讯广告算法大赛,3,1528862399000
奖金,https://pu-datacastle.obs.cn-north-1.myhuaweicloud.com/content/disk/share/img/9aa44923-21e2-4d30-a63d-e1adab093ce5.jpg,结果提交型,回归,,1523808480000,205,joinable,<p>量子金服是国内领先的全托资管服务商，依托强大的技术实力，通过旗下QuantDesk平台打通数据、研究、投资、风控、配置，绩效等资产管理核心环节。帮助用户在中国金融行业产业升级的浪潮下，铸造长期竞争力。</p>,量子金服,53000,540,,竞技赛,金融,“量子杯”全国高校量化大赛,3,1537545599000
奖金,http://third.datacastle.cn/content/disk/share/img/98db53d0-e15d-497b-9deb-b623d9b5c85a.png,结果提交型,回归,,1521713100000,204,joinable,"<p>第二届智慧中国杯凤凰金融量化投资大赛
凤凰金融是凤凰卫视集团为全球华人打造的智能投资理财平台，志在创建互联网金融第一品牌。凤凰金融联合卓越的各类金融机构，深度挖掘优质金融资产，为用户提供优质、多元的投资理财产品和定制化的专业智能服务，打造更契合用户自身需求的财富管理方案。我们将人文情怀融入金融服务之中，为用户创造更多价值，为社会营造诚信健康的金融环境，有效推动普惠金融发展。截止2018年3月14日，凤凰金融客户670多万，遍布全球80多个国家和地区，累计成交金额超过680亿元。<br></p>",凤凰金融,80000,1187,,竞技赛,金融,凤凰金融量化投资大赛,3,1531065599000
奖金,http://third.datacastle.cn/pkbigdata/master.other.img/ee6ba0e7-3e6d-450f-96ce-0aff90ac7d99.png,结果提交型,分类,,1513735200000,197,joinable,"皇包车（HI GUIDES）是一个为中国出境游用户提供全球中文包车游服务的平台。拥有境外10万名华人司机兼导游（司导），覆盖全球90多个国家，1600多个城市，300多个国际机场。截止2017年6月，已累计服务400万中国出境游用户。
由于消费者消费能力逐渐增强、旅游信息不透明程度的下降，游客的行为逐渐变得难以预测，传统旅行社的旅游路线模式已经不能满足游客需求。如何为用户提供更受欢迎、更合适的包车游路线，就需要借助大数据的力量。结合用户个人喜好、景点受欢迎度、天气交通等维度，制定多套旅游信息化解决方案和产品。",皇包车,￥55000,1866,,竞技赛,商业,精品旅行服务成单预测,3,1518019199000
知识,http://third.datacastle.cn/pkbigdata/master.team.img/c10f9b5a-7f8c-492e-8b3c-56a46ea02e1a.png,结果提交型,,,1497337200000,182,joinable,大赛邀请国内外复杂网络领域顶级专家学者作为大赛的Academic Board Member，担任大赛评委并为大赛提供学术指导。通过大赛优秀实验报告互选达成进一步的论文合作以及访问交流。,DataCastle数据城堡,ABM合作,954,,竞技赛,其他,大师赛,3,1511884799000
职位,http://third.datacastle.cn/pkbigdata/master.team.img/ab279f13-a127-47d7-932c-a76ef9ecb528.jpg,结果提交型,其他,,1496282400000,180,joinable,某地食药监局需要按照总局要求对食品，药品按照国家相关规定进行检验检疫，但标准众多，分类各异，一线检验检疫人员为了快速的检索出某一类食品药品相关国家标准，地方标准，需要快速了解检测检疫标准的工具，该工具的首要工作就是将存在于各个文档中的标准提取出来，将非结构化数据转换成结构化数据，以便形成工具需要的数据集。,成都数之联科技有限公司,实习岗位,250,,竞技赛,其他,食品安全国家标准的精准化提取,3,1499702399000
奖金,http://img.datacastle.cn//pkbigdata/master.team.img/841caa79-d2a4-4e03-a76a-b69c8ea9b917.jpg,结果提交型,分类,,1478152800000,177,joinable,此竞赛为「智慧中国杯」初赛的“教育算法资格赛”。通过大数据挖掘与分析技术、数据建模理论帮助管理者掌握学生真实情况，以实现精准自助。,寻道科技有限公司,￥60000,5113,,竞技赛,教育,大学生助学金精准资助预测,3,1492963199000
奖金,http://img.datacastle.cn//pkbigdata/master.team.img/116ec85b-c631-497b-a315-028aeb2def9d.jpg,结果提交型,分类,,1478152800000,176,joinable,此竞赛为「智慧中国杯」初赛的“金融算法资格赛”。融360与平台上的金融机构合作，提供了贷款用户的基本身份信息、消费行为、银行还款等数据信息，需要参赛者以此建立准确的风险控制模型，以预测用户是否会逾期还款。,融360,￥60000,5849,,竞技赛,金融,用户贷款风险预测,3,1492963199000
奖金,http://img.datacastle.cn//pkbigdata/master.team.img/8ee763d6-c5aa-4733-9430-3b7d8ae17bd7.jpg,结果提交型,回归,,1478152800000,175,joinable,此竞赛为「智慧中国杯」初赛的“交通算法资格赛”。参赛者通过训练出租车GPS数据来分析道路交通状况，预测某辆车从一个地点经过某条路线到另一个地点所需要的时间。,成都优易数据有限公司,￥60000,4848,,竞技赛,交通,交通线路通达时间预测,3,1492963199000
知识,http://third.datacastle.cn/content/disk/share/img/f54ed862-b2a6-45a5-a8c4-d260f6c08bc5.jpg,结果提交型,推荐,,1476025275000,168,joinable,以某LBSN的移动历史作为数据，设计地点的推荐系统。数据集中提供了人们对地点的访问历史，还提供了地点的诸如类别，经纬度，所在城市等的基本信息。参赛者可以使用该数据集的任何数据，还可以使用数据之外，可以使用从互联网等渠道获得的各类数据。比赛的目标是效果最好的地点推荐系统。推荐系统用MAP(mean average precision)来评价。,DataCastle数据城堡,数据挖掘知识,961,,竞技赛,商业,地点推荐系统,3,1480435200000
奖金,http://third.datacastle.cn/master.other.img/banner/%E5%8D%A7%E9%BE%99%E7%AB%9E%E8%B5%9Bbanner%E7%AB%9E%E8%B5%9B%E5%88%97%E8%A1%A8.jpg,结果提交型,回归,,1472201543000,166,joinable,参赛者需要建立模型来模拟微博转发量的增长过程；然后将模型应用于“测试集的微博”，以预测它们转发量的增长。,成都知数科技有限公司,￥50000,1461,,竞技赛,媒体,微博热度预测,3,1481857200000
知识,http://third.datacastle.cn/master.other.img%2Fbanner%2F%E7%8C%9C%E4%BD%A0%E5%96%9C%E6%AC%A2.png,结果提交型,推荐,,1463451217000,163,joinable,通过对用户评分行为的分析，挖掘用户的兴趣及其变化规律，然后预测用户对其他商品的评分，也可以称为个性化商品推荐。,DataCastle数据城堡,DC定制礼品,1203,,竞技赛,商业,猜你喜欢,3,1468807200000
知识,http://third.datacastle.cn/master.other.img%2Fbanner%2F%E7%8C%AB%E7%8B%97%E5%A4%A7%E6%88%98.jpg,结果提交型,分类,,1459476000000,161,joinable,竞赛的目标是完成狗脸识别大法。区别于常见的人脸识别，这次的数据中狗的种类异常丰富，姿势也千奇百怪，不仅限于正脸，而且可能有其他物种伴随出现。,DataCastle数据城堡,机器学习知识,1061,,竞技赛,其他,猫狗大战,3,1467338400000
知识,http://third.datacastle.cn/content/disk/share/img/9c5441ad-3daa-442b-a89e-796796775414.jpg,结果提交型,其他,,1449277205000,150,joinable,"&nbsp;&nbsp;&nbsp;&nbsp;&nbsp;&nbsp;&nbsp;&nbsp;This topic will address real network problems from biology, information and social networks with data of 6 networks, Requiring for the participants to understand the structure of the network and the &nbsp;principle of the network, and finally give an effective method to identify error connection in the &nbsp; &nbsp; &nbsp; &nbsp; &nbsp; &nbsp; network.",多校数学建模联赛组委会,Documents,336,,竞技赛,其他,Identify the error connections in the network,3,1450054800000
奖金,"http://third.datacastle.cn/master.other.img%2Fbanner%2F%E7%8E%B0%E9%87%91%E5%B7%B4%E5%A3%AB.jpg
",结果提交型,分类,,1448467224000,148,joinable,基于用户多维度行为数据的微额网贷风险预测,微额速达（上海）金融信息服务有限公司,￥100000,5468,,竞技赛,金融,微额借款用户人品预测大赛,3,1456761599000
奖金,"http://third.datacastle.cn/master.other.img%2Fbanner%2F%E8%81%8C%E4%BD%8D%E9%A2%84%E6%B5%8B%E7%AB%9E%E8%B5%9B.png
",结果提交型,分类,,1442998962000,147,joinable,基于简历数据的职位预测,数联寻英,￥50000,1317,,竞技赛,人力资源,职位预测竞赛,3,1450574002000
知识,http://third.datacastle.cn/master.other.img/logo/2.jpg,结果提交型,,,1442910892000,146,joinable,"竞赛使用经典密码学里面的4种经典算法，按照难度，每一种密码算法给出的明文和密文对的数量不一致，但是都能保证能够解密出正确的密文或者解析出正确的密钥。
竞赛使用的加密算法：
1、凯撒密码
2、维吉尼亚密码
3、MD5算法
4、DES算法",DataCastle数据城堡,DC定制T恤,198,,竞技赛,网络安全,矛与盾,3,1449763199000
知识,http://third.datacastle.cn/content/disk/share/img/88d6a843-21ec-42e0-a025-3317144f45d8.jpg,结果提交型,回归,,1437062400000,143,joinable,大数据培训课程课后期练习项目,成都数道教育咨询有限公司,学习资料,379,,竞技赛,其他,成电大数据培训实践,3,1439740800000
奖金,http://third.datacastle.cn/master.other.img/logo/7.jpg,结果提交型,回归,,1418288415000,127,joinable,通过学生的校园行为数据，挖掘规律，精准预测学生之间的相对排名。,电子科技大学大数据研究中心,￥50000,2058,,竞技赛,教育,学生成绩排名预测,3,1426175940000
奖金,http://third.datacastle.cn/master.other.img/logo/3.jpg,结果提交型,检索,,1418288416000,126,joinable,基于女装与鞋图片的图像搜索竞赛,电子科技大学大数据研究中心,￥50000,771,,竞技赛,商业,图像搜索竞赛,3,1426175940000
奖金,http://third.datacastle.cn/master.other.img/logo/6.jpg,结果提交型,推荐,,1409532933000,125,joinable,用户浏览新闻的模式分析及个性化新闻推荐, 中国计算机协会,￥100000,1345,,竞技赛,媒体,CCF大数据竞赛,3,1416067199000
奖金,http://third.datacastle.cn/master.other.img/logo/9.jpg,结果提交型,分类,,1437321600000,104,joinable,本次大赛共提供6种类型的验证码，参赛者可选取其中一类或多类参赛。参赛者建立算法模型，对所选的验证码进行识别后，输出结果，系统根据识别的正确率计算得分和排名。,电子科技大学大数据研究中心,￥100000,1155,,竞技赛,网络安全,验证码识别竞赛,3,1444665599000
奖金,http://third.datacastle.cn/content/disk/share/img/f56eb647-906c-44e1-b2a6-b6c941545433.jpg,创意型,,,1542643200000,271,history,<p>“JDD-2018京东数字科技全球探索者大赛”致力于成为连接技术精英与产业界的桥梁，直面真实应用场景设计赛题，邀请国内外AI与数据专家、产业界领军人物、知名投资人担任专业导师和评委，共同打造一场距离产业界最近的顶级赛事。<br></p>,京东数字科技,2200000,2568,,竞技赛,其他,JDD-2018京东数字科技全球探索者大赛,4,1547371800000
奖金,http://third.datacastle.cn/content/disk/share/img/1ea9ec94-af01-424d-a6f1-ef04b5794706.png,创意型,,,1542078000000,270,history,<p>大数据是智慧城市的血脉。随着城市信息化的建设和完善，海量数据被沉淀和积累。如何通过数据分析提取其中的知识和智能、如何挖掘海量数据中蕴含的巨大价值、如何在科技迭代的过程中实现城市运行与管理的智能化？第二届智慧中国杯(ICC)大赛秉承第一届智慧中国杯(ICC)的精神，旨在通过新一代大数据科学技术及应用构建数据创新、开放创新、大众创新为特征并可持续发展的国家数据智慧生态，从而实现城市及国家的数据智慧式管理和发展。<br></p>,DataCastle数据城堡,180000,174,,竞技赛,其他,第二届智慧中国杯(ICC)创新创意赛,4,1544374800000
奖金,http://third.datacastle.cn/content/disk/share/img/d17a5a36-4ffb-4a49-9a8c-418bd0ebc0d5.jpg,创意型,,,1535731200000,269,history,"<p>人工智能是引领未来的战略性技术，是经济发展的新引擎, 随着人工智能技术的快速发展及商业应用的快速推广,它已成为各国之间的竞争新赛道。
以信息技术与制造技术深度融合为主线，以新一代人工智能技术的产业化和集成应用为重点，推进人工智能和制造业，加快制造强国和网络强国建设，国务院于2017年7月发布了《新一代人工智能发展规划》，规划了我国未来10年人工智能发展的方向，要求2020年我们的人工智能总体技术和应用与世界先进水平同步，人工智能核心产业规模超过1500亿。同年12月继续出台《促进新一代人工智能产业发展三年行动计划（2018-2020年）》，再次明确了人工智能技术产业发展的步骤，体现出国家热切关注人工智能技术的发展并对其蕴含的生产潜力寄予厚望。&nbsp;<br></p>",中国人工智能产业发展联盟,294000,912,,竞技赛,其他,2018中国（小谷围）人工智能创新创业大赛,4,1545753600000
奖金,http://third.datacastle.cn/content/disk/share/img/0259dfd7-bb85-4cae-a04b-957c35f3a7a4.jpg,创意型,,,1541570400000,268,history,"<p>ANZ is a leading bank in Australia and New Zealand and in Asia. From 7 November 2018 we'll officially open the ANZ Chengdu Data Science Competition.  
This is the first data science competition we've organised of this type. We hope you're excited too because the prize is a good one: in addition to the cash prizes we're offering internships/employment opportunities with ANZ to the winners and/or highly regarded entrants!&nbsp; &nbsp;&nbsp;<br></p>",澳新银行（ANZ Bank）,20000,315,,竞技赛,其他,ANZ Chengdu Data Science Competition,4,1542560400000
奖金,http://third.datacastle.cn/content/disk/share/img/80d13c62-10b1-42f2-8aa9-1196a07d9015.jpg,创意型,,,1537200000000,267,history,<p>2018年中国（小谷围）“互联网+交通运输”创新创业大赛之综合运输服务大数据主题赛基于交通数据生态平台，结合人工智能、物联网、区块链等前沿技术对综合交通运输领域海量数据开展挖掘分析，发挥行业积淀与全球智慧，探索大数据在综合交通运输服务领域创新应用和发展新路径； 用大数据提升行业治理能力，用数据说话、用数据管理、用数据决策、用数据创新，围绕现阶段交通运输行业痛点难点，寻找解决交通运输实际问题的新思路、新方法，寻找解决方案及相关优秀人才，遴选一批优质项目，推动其与创投资本、交通运输企业的对接，逐步建立数据应用生态，促进交通运输行业的转型升级和持续创新。&nbsp;<br></p><p><br></p>,中国交通通信信息中心、交通运输部公路科学,170000,833,,竞技赛,其他,2018年中国（小谷围）“互联网+交通运输”创新创业大赛之综合运输服务大数据主题赛,4,1543507200000
奖金,http://third.datacastle.cn/content/disk/share/img/46553090-5ace-4666-bc30-84083eb8e83c.png,创意型,,,1539100800000,264,history,"<p>随着企业各类业务数据不断增长，如何通过数据挖掘商业价值，并以统一、高效的形式呈现给管理者，从而提高分析决策效率以及加快市场影响速度，已成为所有企业最为关注的话题。这其中，数据可视化是必不可少的技术之一。

2018年10月，由DataHunter主办的首届数据可视化之星大赛火热开启！即日起至11月18日，通过DataHunter数据可视化分析平台制作并提交看板，就有机会成为DataHunter产品代言人，更有万元大奖等你拿！<br></p>",DataHunter,价值三万元礼品,394,,竞技赛,其他,首届数据可视化之星大赛,4,1543161600000
奖金,http://third.datacastle.cn/content/disk/share/img/7254b790-6b89-4472-b7ba-58413c1b2469.jpeg,创意型,,,1523289600000,258,history,<p>作为国际化的智能生活安全社区，GeekPwn 是安全极客们施展才华和分享研究成果的舞台。 自 2014 年创办以来，GeekPwn 已经成功在中国北京、上海、澳门、香港和美国硅谷等多地举办，负责任地披露了上百个高危漏洞。在历届比赛中，从攻破智能手机、无人机、机器人、智能家居等智能产品，到SSL/TLS 协议挑战专场、人工智能安全挑战专项，GeekPwn一直在创新和引领，在这个舞台上，从来不缺少安全极客带来的惊喜和震撼。<br></p>,諅震（KEEN）,5000000,651,,竞技赛,网络安全,GeekPwn 2018 国际安全极客大赛,4,1540396800000
奖金,http://third.datacastle.cn/content/disk/share/img/a37b9e45-6125-4362-bb10-7fd10a844b33.png,创意型,,,1538150400000,257,history,<p>大赛立足合肥，辐射全国，将模拟后的政务数据与社会数据进行深度融合，助力于将市民实际生活需求与政府应用开发相贯通，帮助解决人民日益增长的美好生活需要和不平衡不充分的发展之间的矛盾，吸引全国各地优秀人才与资源向合肥汇聚，集聚创新应用资源，激发整个合肥市数字经济创新氛围，将合肥数字经济发展质量提升至全国一线水平。</p><p><br></p>,合肥数据资源局,240000,323,,竞技赛,网络安全,城市大数据与人工智能创新应用大赛--安全篇,4,1543680000000
奖金,http://third.datacastle.cn/content/disk/share/img/4ff3e244-e5bd-4562-8fb2-93e2643605a7.png,创意型,,,1538150400000,256,history,<p>大赛立足合肥，辐射全国，将模拟后的政务数据与社会数据进行深度融合，助力于将市民实际生活需求与政府应用开发相贯通，帮助解决人民日益增长的美好生活需要和不平衡不充分的发展之间的矛盾，吸引全国各地优秀人才与资源向合肥汇聚，集聚创新应用资源，激发整个合肥市数字经济创新氛围，将合肥数字经济发展质量提升至全国一线水平。</p><p><br></p>,合肥数据资源局,240000,358,,竞技赛,城市/环境/民生,城市大数据与人工智能创新应用大赛--民生篇,4,1543680000000
奖金,http://third.datacastle.cn/content/disk/share/img/f77e5a46-6791-4015-9b21-3f753890d719.png,创意型,,,1538150400000,255,history,<p>大赛立足合肥，辐射全国，将模拟后的政务数据与社会数据进行深度融合，助力于将市民实际生活需求与政府应用开发相贯通，帮助解决人民日益增长的美好生活需要和不平衡不充分的发展之间的矛盾，吸引全国各地优秀人才与资源向合肥汇聚，集聚创新应用资源，激发整个合肥市数字经济创新氛围，将合肥数字经济发展质量提升至全国一线水平。<br></p>,合肥数据资源局,240000,301,,竞技赛,其他,城市大数据与人工智能创新应用大赛--产业篇,4,1543680000000
奖金,http://third.datacastle.cn/content/disk/share/img/38136402-97f5-4f38-8b50-652be16ff48b.png,创意型,,,1538150400000,253,history,<p>大赛立足合肥，辐射全国，将模拟后的政务数据与社会数据进行深度融合，助力于将市民实际生活需求与政府应用开发相贯通，帮助解决人民日益增长的美好生活需要和不平衡不充分的发展之间的矛盾，吸引全国各地优秀人才与资源向合肥汇聚，集聚创新应用资源，激发整个合肥市数字经济创新氛围，将合肥数字经济发展质量提升至全国一线水平。</p><p><br></p>,合肥数据资源局,300000,3108,,竞技赛,其他,城市大数据与人工智能创新应用大赛,4,1544716800000
知识,http://third.datacastle.cn/content/disk/share/img/8244cd7e-b444-4657-b5e2-99e3a297ba7b.jpg,创意型,,,1527782400000,252,history,<p>#“锦途杯”全国大数据竞赛#基于机器学习的智能穿戴设备的行为判定项目根据智能设备的陀螺仪数据，来判断用户出于何种运动模式。每个用户身上穿戴有4个传感器，分别在左右脚的脚踝上，以及腰部和胸部上，在不同的时刻让用户做不同的动作，并记录下相应的传感器数据。参赛者需要根据这些数据为某智能穿戴设备建立模型，以此判断该用户出于何种运动模式。<br></p>,DataCastle数据城堡,机器学习知识,480,,竞技赛,其他,基于机器学习的智能穿戴设备的行为判定（邀请赛）,4,1540742400000
知识,http://third.datacastle.cn/content/disk/share/img/b5791b6b-190e-4370-a2ec-a57f68c985a7.jpg,创意型,回归,,1527782400000,251,history,<p>#“锦途杯”全国大数据竞赛#外汇轧差预测项目根据某机构提供的流入流出交易数据，建立模型，预测该机构在2017年7月24日至7月29日每天从当日0点到24点的流入流出轧差值（总流入-总流出）。<br></p>,DataCastle数据城堡,机器学习知识,486,,竞技赛,金融,外汇轧差预测（邀请赛）,4,1540742400000
知识,http://third.datacastle.cn/content/disk/share/img/9c7c8fb7-abcb-4201-bc59-84dc7ad23238.jpg,创意型,分类,,1527782400000,250,history,<p>#“锦途杯”全国大数据竞赛#基于互联网金融的智能信贷风控设计项目根据某银行机构提供的信贷违约数据（包括用户的基本信息及部分付款的历史数据），建立一套模型来评估用户违约的概率，并以此为基础设计一套信贷打分系统。<br></p>,DataCastle数据城堡,机器学习知识,529,,竞技赛,金融,基于互联网金融的智能信贷风控设计（邀请赛）,4,1540742400000
知识,http://third.datacastle.cn/content/disk/share/img/ab3cfe71-d25e-46f3-8cb2-17d5e35f4450.jpg,创意型,分类,,1527782400000,249,history,<p>#“锦途杯”全国大数据竞赛# AI智能识题项目将提供一些中小学的试题和试卷的信息，根据这些有标签的数据对文字进行建模，该模型能对试题进行打标签处理，确定这个试题属于哪个类别下。<br></p>,DataCastle数据城堡,机器学习知识,465,,竞技赛,其他,AI智能识题（邀请赛）,4,1540656000000
奖金,http://third.datacastle.cn/content/disk/share/img/ed40320f-3829-428e-9091-491b14e55d9d.jpg,创意型,,,1535990400000,246,history,<p>金链盟中国区块链应用大赛（FISCO BCOS Blockchain Application Contest (China)）由中国电子技术标准化研究院、中国计算机学会等单位指导；中钞区块链技术研究院为学术指导单位；金链盟、 深圳市金融科技协会等单位主办；微众银行赞助；腾讯云协办；极客邦 &amp; InfoQ 为战略合作伙伴。</p><p>本次大赛致力于在全国范围内征集企业区块链团队使用 FISCO BCOS 底层平台进行开发的优秀实践，评选出2018年度最佳应用案例，促进区块链技术的商业转化，同时扶持合作企业及初创企业落地更多基于 FISCO BCOS 底层平台的优秀应用。</p><p><br></p>,金链盟,2150000,2085,,竞技赛,其他,金链盟中国区块链应用大赛,4,1546185600000
奖金,http://third.datacastle.cn/content/disk/share/img/5dd0d7db-ee6d-4dab-9faf-23f68ed97872.jpg,结果提交型,"分类,回归",,1531756800000,244,joinable,<p>目前，新零售火在商业前沿，零售企业纷纷借助新技术力量转型升级、抢占市场，新零售已然成为未来新风口。新零售的本质是重构“人-货-场”，提到作为重要组成部分的“人”，我们往往想到“消费者”“千人千面”“消费体验”等因素，却忽略了线下零售场景中另外一类重要的“人”——导购。</p><p><br></p>,上海大数据联盟、上海市北高新管委会（上海大数据产业基地）、上汽集团,170000,1355,,竞技赛,商业,BOT新零售技术挑战赛——图像识别分析导购行为,3,1538978400000
奖金,http://third.datacastle.cn/content/disk/share/img/f5bca2cf-d209-4c14-9188-93c711572d06.jpeg,创意型,,,1539273600000,240,history,<p>传统的“企业整体评估”是对企业资产负债表所列示资产及负债的评估，它严重地影响了企业价值评估的定位，并限制了企业价值评估方式方法的发展。企业价值评估逾越了传统财务报表中涉及的项目，而将外部环境分析、行业分析、产品与市场分析、业务流程分析、组织结构和权限分析、人力资源分析、信用分析、管理层经营绩效分析和财务评价等纳入评估体系。随着市场经济的不断发展，企业价值评估作为资本营运中不可缺少的服务工具，越来越被企业、政府监管部门及社会公众所关注，迫切需要进行理论上的探索和方法上的创新，探讨和研究企业价值评估方法以及合理运用都具有重要的意义。<br></p>,国信优易,90000,35,,竞技赛,其他,企业价值评估方案设计,4,1544086800000
知识,http://third.datacastle.cn/content/disk/share/img/2034f9c9-ac78-4aae-b467-c3d4e5a00170.jpg,创意型,推荐,,1527782400000,238,history,"<p>#“锦途杯”全国大数据竞赛#银行理财产品订购预测项目根据某银行提供的用户数据，包括职业、婚姻状态、贷款状态、房产、年龄、违约情况等数据，判断该用户是否会购买理财产品以及是否需要对该用户进行主动销售。<br></p><p>注：本比赛为邀请赛。<span style=""font-size: 14px;""><br></span></p><p><br></p>",DataCastle数据城堡,机器学习知识,513,,竞技赛,金融,银行理财产品订购预测（邀请赛）,4,1537977600000
知识,http://third.datacastle.cn/content/disk/share/img/ff54d8bb-ffb9-4478-a969-2bfbfe0fc4d9.jpg,创意型,回归,,1527782400000,237,history,<p>#“锦途杯”全国大数据竞赛#公民收入预测项目根据美国公民的国籍、职业、学历、婚姻、人种、性别等数据，通过建立模型判断其年收入是否大于5万美元。<br></p><p>注：本比赛为邀请赛。</p><p><br></p>,DataCastle数据城堡,机器学习知识,485,,竞技赛,城市/环境/民生,公民收入预测（邀请赛）,4,1538064000000
奖金,http://third.datacastle.cn/content/disk/share/img/597114db-7554-4a42-84fd-adec826ea6f9.png,创意型,,,1535007600000,234,history,"<p>政府开放数据创意赛是“中国华录杯·开放数据创新应用大赛”复赛赛题之一</p><p><a href=""http://www.dcjingsai.com/admin/page/adminNew.html#/cmptManagement/editorEnglish/234/%E6%94%BF%E5%BA%9C%E5%BC%80%E6%94%BE%E6%95%B0%E6%8D%AE%E5%88%9B%E6%84%8F%E8%B5%9B"">&nbsp;&nbsp;</a></p><p><br></p>",中国华录集团,620000,96,,竞技赛,交通,政府开放数据创意赛（华录杯复赛）,4,1540882800000
奖金,http://third.datacastle.cn/content/disk/share/img/9a35978b-28bf-4fec-9822-40588fd3d0a2.jpg,创意型,,,1533081660000,233,history,<p>“数据，已经渗透到当今每一个行业和业务职能领域，成为重要的生产因素。人们对于海量数据的挖掘和运用，预示着新一波生产率增长和消费者盈余浪潮的到来。得益于现代社会科技高度发达所引发的信息交互顺畅且高效，“大数据”应用领域越来越广，也不断越彰显优势。特别是在电子商务和物流配送领域，大数据正不断从消费者行为判断、产销存货预测、营销范围定位等多个维度变革创新着行业的运营模式。<br></p>,东莞市人民政府,2000000,780,,竞技赛,其他,2018赢在东莞全球大数据创新创业大赛,4,1535275800000
奖金,http://third.datacastle.cn/content/disk/share/img/e6542242-50d0-4f26-b828-cd15d04e6728.png,创意型,,,1526518800000,223,history,<p>互联交通、互联工业、智能家居、智慧城市---四大挑战，博世邀你一起定义未来！你将和全球物联网精英们同场竞技，解决当今最实际的物联网行业难题，获得行业大咖级导师的一手资料和亲自指导，更能在决赛现场让自己的想法在真实的设备上变为现实，赢得博世奖学金！</p>,博世(BOSCH),20000,332,,竞技赛,城市/环境/民生,物联网黑客马拉松-智能家居,4,1529596800000
奖金,http://third.datacastle.cn/content/disk/share/img/c0a4a612-ddc8-436e-b40e-e122db6ee356.png,结果提交型,"分类,回归",,1526634900000,222,joinable,"<p>互联交通、互联工业、智能家居、智慧城市---四大挑战，博世邀你一起定义未来！
你将和全球物联网精英们同场竞技，解决当今最实际的物联网行业难题，获得行业大咖级导师的一手资料和亲自指导，更能在决赛现场让自己的想法在真实的设备上变为现实，赢得博世奖学金！<br></p>",博世(BOSCH),20000,265,,竞技赛,交通,物联网黑客马拉松-互联交通,3,1529942400000
奖金,http://third.datacastle.cn/content/disk/share/img/67af422b-3095-45b1-838c-5ee7a70969fc.png,创意型,,,1526518800000,219,history,<p>互联交通、互联工业、智能家居、智慧城市---四大挑战，博世邀你一起定义未来！你将和全球物联网精英们同场竞技，解决当今最实际的物联网行业难题，获得行业大咖级导师的一手资料和亲自指导，更能在决赛现场让自己的想法在真实的设备上变为现实，赢得博世奖学金！&nbsp;</p>,博世(BOSCH),20000,254,,竞技赛,城市/环境/民生,物联网黑客马拉松-智慧城市,4,1529596800000
奖金,http://third.datacastle.cn/content/disk/share/img/b89790ea-7e0d-4072-abc9-ebb98307fd58.png,创意型,,,1526518800000,218,history,<p>互联交通、互联工业、智能家居、智慧城市---四大挑战，博世邀你一起定义未来！你将和全球物联网精英们同场竞技，解决当今最实际的物联网行业难题，获得行业大咖级导师的一手资料和亲自指导，更能在决赛现场让自己的想法在真实的设备上变为现实，赢得博世奖学金！</p>,博世(BOSCH),20000,179,,竞技赛,工业,物联网黑客马拉松-互联工业,4,1529596800000
奖金,http://third.datacastle.cn/content/disk/share/img/20ed893d-43c7-472c-997f-b8bca79ace4a.png,创意型,,https://www.dcjingsai.com/static_page/bosch.html,1525881600000,217,history,<p>互联交通、互联工业、智能家居、智慧城市---四大挑战，博世邀你一起定义未来！你将和全球物联网精英们同场竞技，解决当今最实际的物联网行业难题，获得行业大咖级导师的一手资料和亲自指导，更能在决赛现场让自己的想法在真实的设备上变为现实，赢得博世奖学金！</p>,博世(BOSCH),80000,1030,,竞技赛,其他,博世中国 物联网黑客马拉松,4,1529596800000
职位,http://third.datacastle.cn/content/disk/share/img/deb9da84-a8d9-4a3d-8a8f-dbee76feaa10.jpeg,创意型,,,1526227200000,216,history,"<p>人工智能(AI)热潮正席卷全球。作为全球领先的游戏开发和发行商，育碧正积极地发展AI技术来助力游戏研发团队，为玩家打造更加难忘的游戏体验。
育碧将面向成都各高校举办一场AI创新开发大赛。这将是一次体验如何将AI从想法落地的绝佳机会。
</p><div><br></div>",育碧成都,实习工作机会,37,,竞技赛,游戏,育碧AI创新开发大赛,4,1527955200000
奖金,http://third.datacastle.cn/content/disk/share/img/e437db97-1486-475e-a512-b1258d17dda3.jpg,创意型,,,1524153600000,215,history,<p>迅雷全球区块链应用大赛由迅雷集团与极客邦科技共同主办。大赛立足全国，放眼世界，致力于寻找国内外区块链领域具备创新能力的优秀人才以及项目，并设立百万奖金。<br></p>,迅雷集团,¥1000000,64,,竞技赛,其他,2018迅雷全球区块链应用大赛,4,1530806400000
奖金,http://third.datacastle.cn/content/disk/share/img/a121e70a-6cae-4b6f-ac53-972aee4b2a9e.png,创意型,,,1525881600000,214,history,<p>成都市打造的公共数据开放平台已汇集60个政府部门两千多万条数据，这一开放力度展现了成都市利用大数据治理城市的决心。 大赛以“数聚成都 智慧未来”为主题，秉承“公平、公正、融合、创新、开放”宗旨，通过对政府开放的数据进行挖掘分析，创新城市大数据的多维度及深度应用，探索政务数据与互联网数据、企业数据的融汇集成，促进成都市大数据产业良性发展。 &nbsp;</p>,成都市大数据和电子政务管理办公室,190000,639,,竞技赛,其他,成都市开放数据创新应用大赛,4,1543204800000
奖金,http://third.datacastle.cn/content/disk/share/img/cf20e3ea-4d1c-4c71-99e1-4836f610f4f3.png,创意型,,,1525622436000,212,history,<p>中国华录杯·开放数据创新应用大赛是第二届世界智能大会的官方指定赛事之一。依托城市数据湖海量数据资源，以数据价值挖掘为导向，吸纳大数据、人工智能科技人才与高价值创新成果，推动数据开放共享及技术创新应用，促进地区经济加速发展。</p>,中国华录集团,1000000,3431,,竞技赛,其他,华录杯,4,1540051200000
奖金,http://third.datacastle.cn/content/disk/share/img/d66a17df-3714-4716-bea7-f99bc552479f.png,创意型,,,1526353200000,211,history,<p>智慧城市在建设，智能交通需发展，交通事故、交通拥堵、交通污染依然是城市智能化进程中急需缓解的问题。智慧城市的建设中，我们也产生了非常丰富的数据，比如交通卡口的摄像、公交车的出行、城市交通流量的实时检测等，如何利用这些丰富的数据，助力城市的智能建设，是我们这次竞赛的目的。</p><p><br></p>,中国华录集团,100000,732,,竞技赛,交通,城市治理大数据应用创意方案赛,4,1534323600000
奖金,http://third.datacastle.cn/content/disk/share/img/9cd0d9de-41a9-4ff9-b004-116ceabc1aa6.jpeg,创意型,,,1523808000000,208,history,<p>如今，微信小程序将成为微信生态中的重要革新，其以一种极度轻量化、无处不在、用完即走的方式全面连接人与服务。微信小程序同时还将开发者、运营者和用户的场景需求紧密联系到了一起，让技术力量更好地服务于线上与线下需求，创造出丰富的场景价值。微信团队和开发者将共同致力于微信生态繁荣，为微信小程序创造更为强大的活跃度与生命力。 &nbsp;&nbsp;</p>,极客邦科技,¥1200000,68,,竞技赛,其他,WeGeek微信小程序职业开发大赛,4,1527350399000
知识,http://third.datacastle.cn/pkbigdata/master.other.img/e3ebb788-ad9e-45aa-a0d3-e67422327024.jpg,创意型,,,1515945600000,203,history,"<p>#“锦途杯”全国大数据竞赛#用电违约预测项目通过利用某电网公司提供的用户用电数据，通过机器学习，建立用户用电预测模型，预测该用户是否存在有偷电漏电的情况发生。<br></p><p>注：本比赛为<font color=""#ff0000"">邀请赛</font>。</p>",DataCastle数据城堡,机器学习知识,616,,竞技赛,城市/环境/民生,用户用电违约预测（邀请赛）,4,1529078399000
知识,http://third.datacastle.cn/pkbigdata/master.other.img/43cb0ca9-7786-4a23-889b-63b91934d4c6.jpg,创意型,分类,,1515945600000,202,history,"<p>#“锦途杯”全国大数据竞赛#根据手机定位数据对商圈进行分类项目根据手机基站的数据，计算出日均人流量，周末人均停留时间，凌晨人均停留时间，工作日上班时间人均停留时间等数据。每个基站代表一个商圈。我们需要根据这些信息，对基站（商圈）进行分类。<br></p><p>注：本比赛为<font color=""#ff0000"">邀请赛</font>。</p>",DataCastle数据城堡,机器学习知识,560,,竞技赛,商业,根据手机定位数据对商圈进行分类（邀请赛）,4,1529078399000
知识,http://third.datacastle.cn/pkbigdata/master.other.img/b12652a6-1c75-4841-8d85-6ffe1c000a91.png,创意型,分类,,1515974400000,200,history,"<p>#“锦途杯”全国大数据竞赛 #信贷违约预测模型项目通过利用某金融公司提供的贷款数据，通过机器学习，建立信贷违约预测模型，预测某个客户是否有贷款违约的风险。</p><p>注：本比赛为<font color=""#ff0000"">邀请赛</font>。</p><p><br></p>",DataCastle数据城堡,机器学习知识,777,,竞技赛,金融,信贷违约预测模型（邀请赛）,4,1523807999000
奖金,http://third.datacastle.cn/pkbigdata/master.other.img/b86eb62e-04f0-4602-994c-7df9b4d0ddf3.jpg,创意型,,,1514822400000,199,history,"2018年“高斯杯”全国大学生数学建模挑战赛旨在拓宽学生视野，激励学生培养数学建模的能力，培养学生创新精神的科学竞赛， 搭建展现学生学科基础的平台，提高学生运用理论知识解决社会热点与生活问题的能力， 扩大学生科研视野同时鼓励广大学生踊跃参加课外科技活动，培养创造精神及合作意识_。<p>注：本比赛为<font color=""#ff0000"">邀请赛</font>。</p><p><br></p>",DataCastle数据城堡,￥4000,320,,竞技赛,其他,“高斯杯”全国大学生数学建模挑战赛（邀请赛）,4,1524726000000
奖金,http://third.datacastle.cn/content/disk/share/img/59b71d3c-3cb0-4bb9-a593-94a384f752eb.png,创意型,其他,https://www.dcjingsai.com/static_page/wisdom2.html,1513735200000,198,history,第二届“智慧中国杯”大赛秉承第一届“智慧中国杯”的精神，旨在通过新一代大数据科学技术及应用构建数据创新、开放创新、大众创新为特征的可持续发展的国家数据智慧生态，以促进社会运营体系以更加精细和动态的方式运作，从而实现城市及国家的数据智慧式管理和发展。,四川省经济和信息化委员会,￥1000000,19785,,竞技赛,其他,第二届智慧中国杯,4,1543593599000
奖金,http://third.datacastle.cn/pkbigdata/master.other.img/7fe89711-ba76-46aa-bfb9-9900daa00aa8.jpg,创意型,,,1509897600000,196,history,"人工智能、大数据、云计算等先进科技在全球范围的研究和应用迅速崛起，使我们正面临一个空前变革的时代。
京东金融作为一家科技公司，以数据为基础，以技术为手段，服务金融行业。为更好地连接金融机构与科技公司，并挖掘全球顶级人工智能高手，帮助整个行业提高效率、降低成本、增加收入，京东金融将于2017年11月6日正式启动首届“JDD—2017京东金融全球数据探索者大赛”。
本届大赛由京东金融与红杉资本联合主办，是一场面向全球AI与数据人才的人工智能大赛。本次大赛的优胜团队不仅会有高额奖金，同时有机会获得京东金融或合作机构的优先投资。",京东金融,￥1850000,4793,,竞技赛,金融,京东金融全球数据探索者大赛,4,1513440000000
奖金,http://third.datacastle.cn/pkbigdata/master.team.img/2a5af5c9-629e-436b-9c47-99495feb2768.png,创意型,,,1499050800000,181,history,深挖教育大数据，助理校园黑科技！通过对大量校园数据的挖掘，更好地服务学生、优化校园管理，共建智慧校园。,电子科技大学,55000,576,,竞技赛,教育,智慧校园全球大学生创意应用大赛,4,1506268799000
奖金,http://img.datacastle.cn//pkbigdata/master.team.img/3a3bcd97-2579-4df4-96b1-910311e2a14d.jpg,创意型,其他,https://www.dcjingsai.com/common/zhzgbCmptDetails.html,1478152800000,178,history,智慧中国杯全国大数据创新应用大赛,成都市人民政府,￥1000000,15810,,竞技赛,其他,智慧中国杯,4,1495641600000
奖金,http://third.datacastle.cn/master.other.img%2Fbanner%2F%E4%BC%98%E6%98%93%E6%95%B0%E6%8D%AE.jpg,创意型,,,1464138358000,164,history,本次竞赛开放共计60年的中国地面历史气象数据，面向大众征集气象大数据创意方案。,国信优易数据有限公司,￥100000,975,,竞技赛,其他,“优易数据杯”全国开放大数据创新创意大赛,4,1471363199000
奖金,http://third.datacastle.cn/master.other.img%2Fbanner%2F%E4%BA%A4%E9%80%9A%E7%AB%9E%E8%B5%9B.jpg,创意型,,,1451275113000,152,history,本次竞赛以提交“创意方案”的形式进行，开放多维度交通事故数据，面向大众征集交通事故分析和降低交通事故率的相关解决方案。,贵阳市公安交通管理局,￥200000,4350,,竞技赛,交通,交通事故成因分析竞赛,4,1463889600000
